bairro_origem,bairro_destino,logradouro,observacao,peso
Aflitos,Encruzilhada,Avenida João de Barros,tipo=AVENIDA;pav=ASFALTO;ilum=VAPOR MERCURIO;coleta=CONVENCIONAL ALTERNADA COM SELETIVA;peso_calc=0.90,0.9
Aflitos,Espinheiro,Avenida Conselheiro Rosa e Silva,tipo=AVENIDA;pav=ASFALTO;ilum=VAPOR MERCURIO;coleta=CONVENCIONAL ALTERNADA COM SELETIVA;peso_calc=0.90,0.9
Aflitos,Graças,Avenida Conselheiro Rosa e Silva,tipo=AVENIDA;pav=ASFALTO;ilum=VAPOR MERCURIO;coleta=CONVENCIONAL ALTERNADA COM SELETIVA;peso_calc=0.90,0.9
Aflitos,Rosarinho,Avenida Santos Dumont,tipo=AVENIDA;pav=PARALELO;ilum=VAPOR MERCURIO;coleta=CONVENCIONAL ALTERNADA COM SELETIVA;peso_calc=1.00,1.0
Afogados,Bongi,Estrada do Bongi Armando da Fonte,tipo=ESTRADA;pav=SEM PAVIMENTACAO;ilum=VAPOR MERCURIO;coleta=MANUAL DIARIA;peso_calc=2.65,2.65
Afogados,Cabanga,Avenida Sul Gov. Cid Sampaio,tipo=AVENIDA;pav=SEM PAVIMENTACAO;ilum=VAPOR MERCURIO;coleta=CONVENCIONAL ALTERNADA COM SELETIVA;peso_calc=2.05,2.05
Afogados,Ilha Joana Bezerra,Avenida Central,tipo=AVENIDA;pav=ASFALTO;ilum=VAPOR MERCURIO;coleta=CONVENCIONAL DIARIA COM SELETIVA;peso_calc=1.30,1.3
Afogados,Ilha do Retiro,Estrada dos Remédios,tipo=ESTRADA;pav=CONCRETO;ilum=VAPOR MERCURIO;coleta=CONVENCIONAL ALTERNADA COM SELETIVA;peso_calc=1.40,1.4
Afogados,Imbiribeira,Avenida Central,tipo=AVENIDA;pav=ASFALTO;ilum=VAPOR MERCURIO;coleta=CONVENCIONAL DIARIA COM SELETIVA;peso_calc=1.30,1.3
Afogados,Jiquiá,Avenida Central,tipo=AVENIDA;pav=ASFALTO;ilum=VAPOR MERCURIO;coleta=CONVENCIONAL DIARIA COM SELETIVA;peso_calc=1.30,1.3
Afogados,Mangueira,Avenida Central,tipo=AVENIDA;pav=ASFALTO;ilum=VAPOR MERCURIO;coleta=CONVENCIONAL DIARIA COM SELETIVA;peso_calc=1.30,1.3
Afogados,Mustardinha,Avenida Mustardinha,tipo=AVENIDA;pav=SEM PAVIMENTACAO;ilum=VAPOR MERCURIO;coleta=CONVENCIONAL ALTERNADA COM SELETIVA;peso_calc=2.60,2.6
Afogados,Prado,Estrada do Bongi Armando da Fonte,tipo=ESTRADA;pav=SEM PAVIMENTACAO;ilum=VAPOR MERCURIO;coleta=MANUAL DIARIA;peso_calc=2.65,2.65
Afogados,São José,Avenida Central,tipo=AVENIDA;pav=ASFALTO;ilum=VAPOR MERCURIO;coleta=CONVENCIONAL DIARIA COM SELETIVA;peso_calc=1.30,1.3
Alto José Bonifácio,Alto José do Pinho,Rua Córrego José Grande,tipo=RUA;pav=SEM PAVIMENTACAO;ilum=VAPOR MERCURIO;coleta=MANUAL DIARIA;peso_calc=3.25,3.25
Alto José Bonifácio,Alto Santa Terezinha,Rua Adustina,tipo=RUA;pav=ESCADARIA;ilum=VAPOR MERCURIO;coleta=MANUAL DIARIA;peso_calc=3.05,3.05
Alto José Bonifácio,Brejo de Beberibe,Avenida Vereador Otacílio Azevedo,tipo=AVENIDA;pav=SEM PAVIMENTACAO;ilum=VAPOR MERCURIO;coleta=CONVENCIONAL DIARIA SEM SELETIVA;peso_calc=2.10,2.1
Alto José Bonifácio,Linha do Tiro,Rua Alto Itaúna,tipo=RUA;pav=SEM PAVIMENTACAO;ilum=VAPOR MERCURIO;coleta=MANUAL DIARIA;peso_calc=3.25,3.25
Alto José Bonifácio,Morro da Conceição,Rua Alexânia,tipo=RUA;pav=ESCADARIA;ilum=VAPOR MERCURIO;coleta=MANUAL DIARIA;peso_calc=3.05,3.05
Alto José Bonifácio,Vasco da Gama,Avenida Vereador Otacílio Azevedo,tipo=AVENIDA;pav=SEM PAVIMENTACAO;ilum=VAPOR MERCURIO;coleta=CONVENCIONAL DIARIA SEM SELETIVA;peso_calc=2.10,2.1
Alto José do Pinho,Alto Santa Terezinha,Rua Arlindo Cisneiros,tipo=RUA;pav=PARALELO;ilum=VAPOR MERCURIO;coleta=CONVENCIONAL DIARIA SEM SELETIVA;peso_calc=2.50,2.5
Alto José do Pinho,Bomba do Hemetério,Rua Arlindo Cisneiros,tipo=RUA;pav=PARALELO;ilum=VAPOR MERCURIO;coleta=CONVENCIONAL DIARIA SEM SELETIVA;peso_calc=2.50,2.5
Alto José do Pinho,Casa Amarela,Avenida Norte Miguel Arraes de Alencar,tipo=AVENIDA;pav=CONCRETO;ilum=VAPOR MERCURIO;coleta=CONVENCIONAL ALTERNADA COM SELETIVA;peso_calc=0.80,0.8
Alto José do Pinho,Mangabeira,Avenida Norte Miguel Arraes de Alencar,tipo=AVENIDA;pav=CONCRETO;ilum=VAPOR MERCURIO;coleta=CONVENCIONAL ALTERNADA COM SELETIVA;peso_calc=0.80,0.8
Alto José do Pinho,Morro da Conceição,Avenida Norte Miguel Arraes de Alencar,tipo=AVENIDA;pav=CONCRETO;ilum=VAPOR MERCURIO;coleta=CONVENCIONAL ALTERNADA COM SELETIVA;peso_calc=0.80,0.8
Alto José do Pinho,Tamarineira,Avenida Norte Miguel Arraes de Alencar,tipo=AVENIDA;pav=CONCRETO;ilum=VAPOR MERCURIO;coleta=CONVENCIONAL ALTERNADA COM SELETIVA;peso_calc=0.80,0.8
Alto Santa Terezinha,Bomba do Hemetério,Rua Airí,tipo=RUA;pav=SEM PAVIMENTACAO;ilum=VAPOR MERCURIO;coleta=MANUAL DIARIA;peso_calc=3.10,3.1
Alto Santa Terezinha,Linha do Tiro,Avenida Aníbal Benévolo,tipo=AVENIDA;pav=PARALELO;ilum=VAPOR MERCURIO;coleta=CONVENCIONAL DIARIA SEM SELETIVA;peso_calc=1.45,1.45
Alto Santa Terezinha,Morro da Conceição,Rua Padre Oliveira,tipo=RUA;pav=PARALELO;ilum=VAPOR MERCURIO;coleta=CONVENCIONAL DIARIA SEM SELETIVA;peso_calc=2.45,2.45
Alto Santa Terezinha,Água Fria,Avenida Aníbal Benévolo,tipo=AVENIDA;pav=PARALELO;ilum=VAPOR MERCURIO;coleta=CONVENCIONAL DIARIA SEM SELETIVA;peso_calc=1.45,1.45
Alto do Mandu,Apipucos,Avenida Norte Miguel Arraes de Alencar,tipo=AVENIDA;pav=CONCRETO;ilum=VAPOR MERCURIO;coleta=CONVENCIONAL ALTERNADA COM SELETIVA;peso_calc=0.80,0.8
Alto do Mandu,Casa Amarela,Avenida Doutor Eurico Chaves,tipo=AVENIDA;pav=PARALELO;ilum=VAPOR MERCURIO;coleta=CONVENCIONAL ALTERNADA COM SELETIVA;peso_calc=1.50,1.5
Alto do Mandu,Macaxeira,Avenida Norte Miguel Arraes de Alencar,tipo=AVENIDA;pav=CONCRETO;ilum=VAPOR MERCURIO;coleta=CONVENCIONAL ALTERNADA COM SELETIVA;peso_calc=0.80,0.8
Alto do Mandu,Monteiro,Avenida Doutor Eurico Chaves,tipo=AVENIDA;pav=PARALELO;ilum=VAPOR MERCURIO;coleta=CONVENCIONAL ALTERNADA COM SELETIVA;peso_calc=1.50,1.5
Alto do Mandu,Nova Descoberta,Avenida Norte Miguel Arraes de Alencar,tipo=AVENIDA;pav=CONCRETO;ilum=VAPOR MERCURIO;coleta=CONVENCIONAL ALTERNADA COM SELETIVA;peso_calc=0.80,0.8
Apipucos,Caxangá,Avenida da Recuperação,tipo=AVENIDA;pav=CONCRETO;ilum=VAPOR MERCURIO;coleta=CONVENCIONAL DIARIA SEM SELETIVA;peso_calc=1.25,1.25
Apipucos,Córrego do Jenipapo,Avenida Norte Miguel Arraes de Alencar,tipo=AVENIDA;pav=CONCRETO;ilum=VAPOR MERCURIO;coleta=CONVENCIONAL ALTERNADA COM SELETIVA;peso_calc=0.80,0.8
Apipucos,Dois Irmãos,Avenida da Recuperação,tipo=AVENIDA;pav=CONCRETO;ilum=VAPOR MERCURIO;coleta=CONVENCIONAL DIARIA SEM SELETIVA;peso_calc=1.25,1.25
Apipucos,Iputinga,Ponte de Apipucos,tipo=PONTE;pav=nan;ilum=nan;coleta=nan;peso_calc=1.20,1.2
Apipucos,Macaxeira,Avenida Norte Miguel Arraes de Alencar,tipo=AVENIDA;pav=CONCRETO;ilum=VAPOR MERCURIO;coleta=CONVENCIONAL ALTERNADA COM SELETIVA;peso_calc=0.80,0.8
Apipucos,Monteiro,Rua Mandacaru,tipo=RUA;pav=ASFALTO;ilum=SEM ILUMINACAO;coleta=CONVENCIONAL ALTERNADA COM SELETIVA;peso_calc=2.65,2.65
Areias,Barro,Avenida Central,tipo=AVENIDA;pav=ASFALTO;ilum=VAPOR MERCURIO;coleta=CONVENCIONAL DIARIA COM SELETIVA;peso_calc=1.30,1.3
Areias,Caçote,Avenida Capitão Gregório de Caldas,tipo=AVENIDA;pav=ASFALTO;ilum=VAPOR MERCURIO;coleta=CONVENCIONAL DIARIA SEM SELETIVA;peso_calc=1.20,1.2
Areias,Estância,Avenida Central,tipo=AVENIDA;pav=ASFALTO;ilum=VAPOR MERCURIO;coleta=CONVENCIONAL DIARIA COM SELETIVA;peso_calc=1.30,1.3
Areias,Ibura,Avenida Desembargador Nestor Diógens de Mello,tipo=AVENIDA;pav=SEM PAVIMENTACAO;ilum=VAPOR MERCURIO;coleta=CONVENCIONAL ALTERNADA COM SELETIVA;peso_calc=2.10,2.1
Areias,Ipsep,Avenida Recife,tipo=AVENIDA;pav=ASFALTO;ilum=VAPOR MERCURIO;coleta=CONVENCIONAL DIARIA SEM SELETIVA;peso_calc=1.35,1.35
Areias,Jardim São Paulo,Avenida Central,tipo=AVENIDA;pav=ASFALTO;ilum=VAPOR MERCURIO;coleta=CONVENCIONAL DIARIA COM SELETIVA;peso_calc=1.30,1.3
Areias,Jiquiá,Avenida Central,tipo=AVENIDA;pav=ASFALTO;ilum=VAPOR MERCURIO;coleta=CONVENCIONAL DIARIA COM SELETIVA;peso_calc=1.30,1.3
Arruda,Bomba do Hemetério,Estrada Velha de Água Fria,tipo=ESTRADA;pav=ASFALTO;ilum=VAPOR MERCURIO;coleta=CONVENCIONAL DIARIA SEM SELETIVA;peso_calc=1.35,1.35
Arruda,Campina do Barreto,Rua Celcina Maia Pereira,tipo=RUA;pav=SEM PAVIMENTACAO;ilum=VAPOR MERCURIO;coleta=CONVENCIONAL DIARIA SEM SELETIVA;peso_calc=3.10,3.1
Arruda,Campo Grande,Avenida Professor José dos Anjos,tipo=AVENIDA;pav=SEM PAVIMENTACAO;ilum=VAPOR MERCURIO;coleta=MANUAL DIARIA;peso_calc=2.15,2.15
Arruda,Mangabeira,Avenida Professor José dos Anjos,tipo=AVENIDA;pav=SEM PAVIMENTACAO;ilum=VAPOR MERCURIO;coleta=MANUAL DIARIA;peso_calc=2.15,2.15
Arruda,Peixinhos,Avenida Professor José dos Anjos,tipo=AVENIDA;pav=SEM PAVIMENTACAO;ilum=VAPOR MERCURIO;coleta=MANUAL DIARIA;peso_calc=2.15,2.15
Arruda,Ponto de Parada,Avenida Beberibe,tipo=AVENIDA;pav=ASFALTO;ilum=VAPOR MERCURIO;coleta=CONVENCIONAL ALTERNADA COM SELETIVA;peso_calc=1.30,1.3
Arruda,Tamarineira,Avenida Engenheiro Agamenon de Magalhães Melo,tipo=AVENIDA;pav=CONCRETO;ilum=VAPOR MERCURIO;coleta=MANUAL DIARIA;peso_calc=0.95,0.95
Arruda,Água Fria,Avenida Beberibe,tipo=AVENIDA;pav=ASFALTO;ilum=VAPOR MERCURIO;coleta=CONVENCIONAL ALTERNADA COM SELETIVA;peso_calc=1.30,1.3
Barro,Cohab - Ibura de Cima,Avenida Coração de Jesus,tipo=AVENIDA;pav=PARALELO;ilum=VAPOR MERCURIO;coleta=CONVENCIONAL DIARIA SEM SELETIVA;peso_calc=1.45,1.45
Barro,Ibura,Avenida Desembargador Nestor Diógens de Mello,tipo=AVENIDA;pav=SEM PAVIMENTACAO;ilum=VAPOR MERCURIO;coleta=CONVENCIONAL ALTERNADA COM SELETIVA;peso_calc=2.10,2.1
Barro,Jardim São Paulo,Avenida Central,tipo=AVENIDA;pav=ASFALTO;ilum=VAPOR MERCURIO;coleta=CONVENCIONAL DIARIA COM SELETIVA;peso_calc=1.30,1.3
Barro,Tejipió,Avenida Central,tipo=AVENIDA;pav=ASFALTO;ilum=VAPOR MERCURIO;coleta=CONVENCIONAL DIARIA COM SELETIVA;peso_calc=1.30,1.3
Beberibe,Dois Unidos,Avenida Hildebrando de Vasconcelos,tipo=AVENIDA;pav=SEM PAVIMENTACAO;ilum=VAPOR MERCURIO;coleta=CONVENCIONAL DIARIA SEM SELETIVA;peso_calc=2.10,2.1
Beberibe,Linha do Tiro,Avenida Aníbal Benévolo,tipo=AVENIDA;pav=PARALELO;ilum=VAPOR MERCURIO;coleta=CONVENCIONAL DIARIA SEM SELETIVA;peso_calc=1.45,1.45
Beberibe,Porto da Madeira,Avenida Aníbal Benévolo,tipo=AVENIDA;pav=PARALELO;ilum=VAPOR MERCURIO;coleta=CONVENCIONAL DIARIA SEM SELETIVA;peso_calc=1.45,1.45
Beberibe,Água Fria,Avenida Aníbal Benévolo,tipo=AVENIDA;pav=PARALELO;ilum=VAPOR MERCURIO;coleta=CONVENCIONAL DIARIA SEM SELETIVA;peso_calc=1.45,1.45
Boa Viagem,Ibura,Avenida Marechal Mascarenhas de Moraes,tipo=AVENIDA;pav=CONCRETO;ilum=VAPOR MERCURIO;coleta=CONVENCIONAL ALTERNADA COM SELETIVA;peso_calc=0.80,0.8
Boa Viagem,Imbiribeira,Avenida Antônio Torres Galvão,tipo=AVENIDA;pav=SEM PAVIMENTACAO;ilum=VAPOR MERCURIO;coleta=CONVENCIONAL ALTERNADA COM SELETIVA;peso_calc=2.50,2.5
Boa Viagem,Jordão,Avenida Marechal Mascarenhas de Moraes,tipo=AVENIDA;pav=CONCRETO;ilum=VAPOR MERCURIO;coleta=CONVENCIONAL ALTERNADA COM SELETIVA;peso_calc=0.80,0.8
Boa Viagem,Pina,Avenida Boa Viagem,tipo=AVENIDA;pav=CONCRETO;ilum=VAPOR MERCURIO;coleta=CONVENCIONAL DIARIA SEM SELETIVA;peso_calc=0.80,0.8
Boa Vista,Coelhos,Rua de São Gonçalo,tipo=RUA;pav=nan;ilum=nan;coleta=nan;peso_calc=2.00,2.0
Boa Vista,Derby,Avenida Governador Agamenon Magalhães,tipo=AVENIDA;pav=ASFALTO;ilum=VAPOR MERCURIO;coleta=CONVENCIONAL ALTERNADA COM SELETIVA;peso_calc=0.85,0.85
Boa Vista,Espinheiro,Avenida Governador Agamenon Magalhães,tipo=AVENIDA;pav=ASFALTO;ilum=VAPOR MERCURIO;coleta=CONVENCIONAL ALTERNADA COM SELETIVA;peso_calc=0.85,0.85
Boa Vista,Graças,Avenida Governador Agamenon Magalhães,tipo=AVENIDA;pav=ASFALTO;ilum=VAPOR MERCURIO;coleta=CONVENCIONAL ALTERNADA COM SELETIVA;peso_calc=0.85,0.85
Boa Vista,Ilha do Leite,Avenida Governador Agamenon Magalhães,tipo=AVENIDA;pav=ASFALTO;ilum=VAPOR MERCURIO;coleta=CONVENCIONAL ALTERNADA COM SELETIVA;peso_calc=0.85,0.85
Boa Vista,Paissandu,Avenida Governador Agamenon Magalhães,tipo=AVENIDA;pav=ASFALTO;ilum=VAPOR MERCURIO;coleta=CONVENCIONAL ALTERNADA COM SELETIVA;peso_calc=0.85,0.85
Boa Vista,Santo Amaro,Avenida Governador Agamenon Magalhães,tipo=AVENIDA;pav=ASFALTO;ilum=VAPOR MERCURIO;coleta=CONVENCIONAL ALTERNADA COM SELETIVA;peso_calc=0.85,0.85
Boa Vista,Santo Antônio,Ponte Duarte Coelho,tipo=PONTE;pav=nan;ilum=nan;coleta=nan;peso_calc=1.20,1.2
Boa Vista,Soledade,Avenida Conde da Boa Vista,tipo=AVENIDA;pav=CONCRETO;ilum=VAPOR MERCURIO;coleta=CONVENCIONAL DIARIA SEM SELETIVA;peso_calc=0.75,0.75
Bomba do Hemetério,Mangabeira,Rua Desembargador Heráclito Cavalcanti,tipo=RUA;pav=SEM PAVIMENTACAO;ilum=SEM ILUMINACAO;coleta=MANUAL DIARIA;peso_calc=3.45,3.45
Bomba do Hemetério,Água Fria,Estrada Velha de Água Fria,tipo=ESTRADA;pav=ASFALTO;ilum=VAPOR MERCURIO;coleta=CONVENCIONAL DIARIA SEM SELETIVA;peso_calc=1.35,1.35
Bongi,Mustardinha,Avenida Cônsul Vilares Fragoso,tipo=AVENIDA;pav=SEM PAVIMENTACAO;ilum=VAPOR MERCURIO;coleta=CONVENCIONAL ALTERNADA COM SELETIVA;peso_calc=2.05,2.05
Bongi,Prado,Avenida Engenheiro Abdias de Carvalho,tipo=AVENIDA;pav=ASFALTO;ilum=VAPOR MERCURIO;coleta=CONVENCIONAL DIARIA SEM SELETIVA;peso_calc=1.35,1.35
Bongi,San Martin,Avenida Cônsul Vilares Fragoso,tipo=AVENIDA;pav=SEM PAVIMENTACAO;ilum=VAPOR MERCURIO;coleta=CONVENCIONAL ALTERNADA COM SELETIVA;peso_calc=2.05,2.05
Brasília Teimosa,Pina,Avenida Boa Viagem,tipo=AVENIDA;pav=CONCRETO;ilum=VAPOR MERCURIO;coleta=CONVENCIONAL DIARIA SEM SELETIVA;peso_calc=0.80,0.8
Brejo da Guabiraba,Brejo de Beberibe,Avenida Canaã,tipo=AVENIDA;pav=SEM PAVIMENTACAO;ilum=VAPOR MERCURIO;coleta=CONVENCIONAL DIARIA SEM SELETIVA;peso_calc=2.05,2.05
Brejo da Guabiraba,Córrego do Jenipapo,Avenida da Recuperação,tipo=AVENIDA;pav=CONCRETO;ilum=VAPOR MERCURIO;coleta=CONVENCIONAL DIARIA SEM SELETIVA;peso_calc=1.25,1.25
Brejo da Guabiraba,Guabiraba,Avenida Embaixador Assis Chateaubriand,tipo=AVENIDA;pav=SEM PAVIMENTACAO;ilum=VAPOR MERCURIO;coleta=CONVENCIONAL DIARIA SEM SELETIVA;peso_calc=2.15,2.15
Brejo da Guabiraba,Nova Descoberta,Rua Alpestre,tipo=RUA;pav=ESCADARIA;ilum=VAPOR MERCURIO;coleta=MANUAL DIARIA;peso_calc=3.05,3.05
Brejo da Guabiraba,Passarinho,Avenida Canaã,tipo=AVENIDA;pav=SEM PAVIMENTACAO;ilum=VAPOR MERCURIO;coleta=CONVENCIONAL DIARIA SEM SELETIVA;peso_calc=2.05,2.05
Brejo de Beberibe,Dois Unidos,RUA SITIO DOS NOBRES,tipo=RUA;pav=SEM PAVIMENTACAO;ilum=VAPOR MERCURIO;coleta=CONVENCIONAL DIARIA SEM SELETIVA;peso_calc=3.05,3.05
Brejo de Beberibe,Linha do Tiro,Rua Bismarck de Freitas,tipo=RUA;pav=ASFALTO;ilum=SEM ILUMINACAO;coleta=CONVENCIONAL ALTERNADA COM SELETIVA;peso_calc=2.55,2.55
Brejo de Beberibe,Nova Descoberta,Rua Agrolândia,tipo=RUA;pav=SEM PAVIMENTACAO;ilum=VAPOR MERCURIO;coleta=CONVENCIONAL DIARIA COM SELETIVA;peso_calc=3.00,3.0
Brejo de Beberibe,Passarinho,Avenida Canaã,tipo=AVENIDA;pav=SEM PAVIMENTACAO;ilum=VAPOR MERCURIO;coleta=CONVENCIONAL DIARIA SEM SELETIVA;peso_calc=2.05,2.05
Brejo de Beberibe,Vasco da Gama,Avenida Vereador Otacílio Azevedo,tipo=AVENIDA;pav=SEM PAVIMENTACAO;ilum=VAPOR MERCURIO;coleta=CONVENCIONAL DIARIA SEM SELETIVA;peso_calc=2.10,2.1
Cabanga,Pina,Ponte Agamenon Magalhães,tipo=PONTE;pav=nan;ilum=nan;coleta=nan;peso_calc=1.20,1.2
Cabanga,São José,Avenida Engenheiro José Estelita,tipo=AVENIDA;pav=ASFALTO;ilum=VAPOR MERCURIO;coleta=CONVENCIONAL DIARIA SEM SELETIVA;peso_calc=1.00,1.0
Cajueiro,Campina do Barreto,Avenida Nova do Fundão,tipo=AVENIDA;pav=PARALELO;ilum=VAPOR MERCURIO;coleta=CONVENCIONAL ALTERNADA COM SELETIVA;peso_calc=1.10,1.1
Cajueiro,Fundão,Avenida Beberibe,tipo=AVENIDA;pav=ASFALTO;ilum=VAPOR MERCURIO;coleta=CONVENCIONAL ALTERNADA COM SELETIVA;peso_calc=1.30,1.3
Cajueiro,Porto da Madeira,Avenida Beberibe,tipo=AVENIDA;pav=ASFALTO;ilum=VAPOR MERCURIO;coleta=CONVENCIONAL ALTERNADA COM SELETIVA;peso_calc=1.30,1.3
Campina do Barreto,Fundão,Avenida Nova do Fundão,tipo=AVENIDA;pav=PARALELO;ilum=VAPOR MERCURIO;coleta=CONVENCIONAL ALTERNADA COM SELETIVA;peso_calc=1.10,1.1
Campina do Barreto,Peixinhos,Avenida Poeta Vinícius de Morais,tipo=AVENIDA;pav=SEM PAVIMENTACAO;ilum=VAPOR MERCURIO;coleta=CONVENCIONAL ALTERNADA COM SELETIVA;peso_calc=2.10,2.1
Campina do Barreto,Água Fria,Rua Constança,tipo=RUA;pav=ASFALTO;ilum=VAPOR MERCURIO;coleta=CONVENCIONAL ALTERNADA COM SELETIVA;peso_calc=2.50,2.5
Campo Grande,Encruzilhada,Estrada de Belém,tipo=ESTRADA;pav=ASFALTO;ilum=VAPOR MERCURIO;coleta=CONVENCIONAL ALTERNADA COM SELETIVA;peso_calc=1.85,1.85
Campo Grande,Hipódromo,Estrada de Belém,tipo=ESTRADA;pav=ASFALTO;ilum=VAPOR MERCURIO;coleta=CONVENCIONAL ALTERNADA COM SELETIVA;peso_calc=1.85,1.85
Campo Grande,Peixinhos,Avenida Correia de Brito,tipo=AVENIDA;pav=SEM PAVIMENTACAO;ilum=VAPOR MERCURIO;coleta=CONVENCIONAL ALTERNADA COM SELETIVA;peso_calc=2.25,2.25
Campo Grande,Ponto de Parada,Avenida Professor José dos Anjos,tipo=AVENIDA;pav=SEM PAVIMENTACAO;ilum=VAPOR MERCURIO;coleta=MANUAL DIARIA;peso_calc=2.15,2.15
Campo Grande,Santo Amaro,Avenida Dr Jayme da Fonte,tipo=AVENIDA;pav=SEM PAVIMENTACAO;ilum=VAPOR MERCURIO;coleta=CONVENCIONAL ALTERNADA COM SELETIVA;peso_calc=2.05,2.05
Campo Grande,Torreão,Avenida Dr Jayme da Fonte,tipo=AVENIDA;pav=SEM PAVIMENTACAO;ilum=VAPOR MERCURIO;coleta=CONVENCIONAL ALTERNADA COM SELETIVA;peso_calc=2.05,2.05
Casa Amarela,Casa Forte,Estrada das Ubaias,tipo=ESTRADA;pav=PARALELO;ilum=VAPOR MERCURIO;coleta=CONVENCIONAL ALTERNADA COM SELETIVA;peso_calc=1.50,1.5
Casa Amarela,Mangabeira,Avenida Norte Miguel Arraes de Alencar,tipo=AVENIDA;pav=CONCRETO;ilum=VAPOR MERCURIO;coleta=CONVENCIONAL ALTERNADA COM SELETIVA;peso_calc=0.80,0.8
Casa Amarela,Monteiro,Avenida Doutor Eurico Chaves,tipo=AVENIDA;pav=PARALELO;ilum=VAPOR MERCURIO;coleta=CONVENCIONAL ALTERNADA COM SELETIVA;peso_calc=1.50,1.5
Casa Amarela,Morro da Conceição,Avenida Norte Miguel Arraes de Alencar,tipo=AVENIDA;pav=CONCRETO;ilum=VAPOR MERCURIO;coleta=CONVENCIONAL ALTERNADA COM SELETIVA;peso_calc=0.80,0.8
Casa Amarela,Nova Descoberta,Avenida Norte Miguel Arraes de Alencar,tipo=AVENIDA;pav=CONCRETO;ilum=VAPOR MERCURIO;coleta=CONVENCIONAL ALTERNADA COM SELETIVA;peso_calc=0.80,0.8
Casa Amarela,Parnamirim,Estrada do Encanamento,tipo=ESTRADA;pav=ASFALTO;ilum=VAPOR MERCURIO;coleta=CONVENCIONAL ALTERNADA COM SELETIVA;peso_calc=1.45,1.45
Casa Amarela,Poço,Estrada do Encanamento,tipo=ESTRADA;pav=ASFALTO;ilum=VAPOR MERCURIO;coleta=CONVENCIONAL ALTERNADA COM SELETIVA;peso_calc=1.45,1.45
Casa Amarela,Tamarineira,Avenida Norte Miguel Arraes de Alencar,tipo=AVENIDA;pav=CONCRETO;ilum=VAPOR MERCURIO;coleta=CONVENCIONAL ALTERNADA COM SELETIVA;peso_calc=0.80,0.8
Casa Amarela,Vasco da Gama,Avenida Norte Miguel Arraes de Alencar,tipo=AVENIDA;pav=CONCRETO;ilum=VAPOR MERCURIO;coleta=CONVENCIONAL ALTERNADA COM SELETIVA;peso_calc=0.80,0.8
Casa Forte,Parnamirim,Avenida Dezessete de Agosto,tipo=AVENIDA;pav=ASFALTO;ilum=VAPOR MERCURIO;coleta=CONVENCIONAL ALTERNADA COM SELETIVA;peso_calc=0.90,0.9
Casa Forte,Poço,Avenida Dezessete de Agosto,tipo=AVENIDA;pav=ASFALTO;ilum=VAPOR MERCURIO;coleta=CONVENCIONAL ALTERNADA COM SELETIVA;peso_calc=0.90,0.9
Casa Forte,Santana,Avenida Dezessete de Agosto,tipo=AVENIDA;pav=ASFALTO;ilum=VAPOR MERCURIO;coleta=CONVENCIONAL ALTERNADA COM SELETIVA;peso_calc=0.90,0.9
Caxangá,Dois Irmãos,Avenida da Recuperação,tipo=AVENIDA;pav=CONCRETO;ilum=VAPOR MERCURIO;coleta=CONVENCIONAL DIARIA SEM SELETIVA;peso_calc=1.25,1.25
Caxangá,Iputinga,Avenida Caxangá,tipo=AVENIDA;pav=ASFALTO;ilum=VAPOR MERCURIO;coleta=CONVENCIONAL DIARIA SEM SELETIVA;peso_calc=0.80,0.8
Caxangá,Sítio dos Pintos - São Brás,Ponte do Bredo,tipo=PONTE;pav=nan;ilum=nan;coleta=nan;peso_calc=1.20,1.2
Caxangá,Várzea,Avenida Afonso Olindense,tipo=AVENIDA;pav=ASFALTO;ilum=VAPOR MERCURIO;coleta=CONVENCIONAL DIARIA SEM SELETIVA;peso_calc=0.90,0.9
Caçote,Ibura,Avenida Recife,tipo=AVENIDA;pav=ASFALTO;ilum=VAPOR MERCURIO;coleta=CONVENCIONAL DIARIA SEM SELETIVA;peso_calc=1.35,1.35
Caçote,Ipsep,Avenida Recife,tipo=AVENIDA;pav=ASFALTO;ilum=VAPOR MERCURIO;coleta=CONVENCIONAL DIARIA SEM SELETIVA;peso_calc=1.35,1.35
Cidade Universitária,Curado,Avenida Professor Luiz Freire,tipo=AVENIDA;pav=ASFALTO;ilum=VAPOR MERCURIO;coleta=CONVENCIONAL ALTERNADA COM SELETIVA;peso_calc=0.95,0.95
Cidade Universitária,Engenho do Meio,Avenida Múcio Uchôa Cavalcanti,tipo=AVENIDA;pav=ASFALTO;ilum=VAPOR MERCURIO;coleta=CONVENCIONAL ALTERNADA COM SELETIVA;peso_calc=0.95,0.95
Cidade Universitária,Iputinga,Avenida Múcio Uchôa Cavalcanti,tipo=AVENIDA;pav=ASFALTO;ilum=VAPOR MERCURIO;coleta=CONVENCIONAL ALTERNADA COM SELETIVA;peso_calc=0.95,0.95
Cidade Universitária,Várzea,Avenida Inácio de Barros Barreto,tipo=AVENIDA;pav=SEM PAVIMENTACAO;ilum=VAPOR MERCURIO;coleta=CONVENCIONAL DIARIA SEM SELETIVA;peso_calc=1.95,1.95
Coelhos,Ilha Joana Bezerra,Ponte Joaquim Cardoso,tipo=PONTE;pav=nan;ilum=nan;coleta=nan;peso_calc=1.20,1.2
Coelhos,Ilha do Leite,Rua Capitão José da Luz,tipo=RUA;pav=ASFALTO;ilum=VAPOR MERCURIO;coleta=CONVENCIONAL DIARIA SEM SELETIVA;peso_calc=2.30,2.3
Coelhos,Santo Antônio,Ponte Seis de Março,tipo=PONTE;pav=nan;ilum=nan;coleta=nan;peso_calc=1.20,1.2
Coelhos,São José,Ponte Seis de Março,tipo=PONTE;pav=nan;ilum=nan;coleta=nan;peso_calc=1.20,1.2
Cohab - Ibura de Cima,Ibura,Avenida Dois Rios,tipo=AVENIDA;pav=SEM PAVIMENTACAO;ilum=VAPOR MERCURIO;coleta=CONVENCIONAL DIARIA SEM SELETIVA;peso_calc=2.10,2.1
Cohab - Ibura de Cima,Jordão,Avenida Ministro Apolônio Sales,tipo=AVENIDA;pav=SEM PAVIMENTACAO;ilum=VAPOR MERCURIO;coleta=CONVENCIONAL DIARIA SEM SELETIVA;peso_calc=2.10,2.1
Coqueiral,Sancho,Rua Aprígio Guimarães,tipo=RUA;pav=ASFALTO;ilum=VAPOR MERCURIO;coleta=CONVENCIONAL DIARIA SEM SELETIVA;peso_calc=2.10,2.1
Coqueiral,Tejipió,Avenida Central,tipo=AVENIDA;pav=ASFALTO;ilum=VAPOR MERCURIO;coleta=CONVENCIONAL DIARIA COM SELETIVA;peso_calc=1.30,1.3
Coqueiral,Totó,Rua Alto do Paraíso,tipo=RUA;pav=SEM PAVIMENTACAO;ilum=SEM ILUMINACAO;coleta=CONVENCIONAL DIARIA SEM SELETIVA;peso_calc=3.45,3.45
Cordeiro,Engenho do Meio,Avenida Múcio Uchôa Cavalcanti,tipo=AVENIDA;pav=ASFALTO;ilum=VAPOR MERCURIO;coleta=CONVENCIONAL ALTERNADA COM SELETIVA;peso_calc=0.95,0.95
Cordeiro,Iputinga,Avenida Camarão,tipo=AVENIDA;pav=SEM PAVIMENTACAO;ilum=VAPOR MERCURIO;coleta=CONVENCIONAL ALTERNADA COM SELETIVA;peso_calc=2.00,2.0
Cordeiro,Prado,Avenida Engenheiro Abdias de Carvalho,tipo=AVENIDA;pav=ASFALTO;ilum=VAPOR MERCURIO;coleta=CONVENCIONAL DIARIA SEM SELETIVA;peso_calc=1.35,1.35
Cordeiro,San Martin,Avenida Engenheiro Abdias de Carvalho,tipo=AVENIDA;pav=ASFALTO;ilum=VAPOR MERCURIO;coleta=CONVENCIONAL DIARIA SEM SELETIVA;peso_calc=1.35,1.35
Cordeiro,Santana,Avenida Beira Rio,tipo=AVENIDA;pav=ASFALTO;ilum=VAPOR MERCURIO;coleta=CONVENCIONAL ALTERNADA COM SELETIVA;peso_calc=0.95,0.95
Cordeiro,Torre,Avenida Beira Rio,tipo=AVENIDA;pav=ASFALTO;ilum=VAPOR MERCURIO;coleta=CONVENCIONAL ALTERNADA COM SELETIVA;peso_calc=0.95,0.95
Cordeiro,Torrões,Avenida Engenheiro Abdias de Carvalho,tipo=AVENIDA;pav=ASFALTO;ilum=VAPOR MERCURIO;coleta=CONVENCIONAL DIARIA SEM SELETIVA;peso_calc=1.35,1.35
Cordeiro,Zumbi,Avenida Caxangá,tipo=AVENIDA;pav=ASFALTO;ilum=VAPOR MERCURIO;coleta=CONVENCIONAL DIARIA SEM SELETIVA;peso_calc=0.80,0.8
Curado,Engenho do Meio,Avenida Recife,tipo=AVENIDA;pav=ASFALTO;ilum=VAPOR MERCURIO;coleta=CONVENCIONAL DIARIA SEM SELETIVA;peso_calc=1.35,1.35
Curado,Jardim São Paulo,Avenida Central,tipo=AVENIDA;pav=ASFALTO;ilum=VAPOR MERCURIO;coleta=CONVENCIONAL DIARIA COM SELETIVA;peso_calc=1.30,1.3
Curado,San Martin,Avenida Recife,tipo=AVENIDA;pav=ASFALTO;ilum=VAPOR MERCURIO;coleta=CONVENCIONAL DIARIA SEM SELETIVA;peso_calc=1.35,1.35
Curado,Sancho,Avenida Liberdade,tipo=AVENIDA;pav=SEM PAVIMENTACAO;ilum=VAPOR MERCURIO;coleta=CONVENCIONAL DIARIA SEM SELETIVA;peso_calc=2.10,2.1
Curado,Torrões,Avenida Recife,tipo=AVENIDA;pav=ASFALTO;ilum=VAPOR MERCURIO;coleta=CONVENCIONAL DIARIA SEM SELETIVA;peso_calc=1.35,1.35
Curado,Totó,Avenida Liberdade,tipo=AVENIDA;pav=SEM PAVIMENTACAO;ilum=VAPOR MERCURIO;coleta=CONVENCIONAL DIARIA SEM SELETIVA;peso_calc=2.10,2.1
Curado,Várzea,Avenida Central,tipo=AVENIDA;pav=ASFALTO;ilum=VAPOR MERCURIO;coleta=CONVENCIONAL DIARIA COM SELETIVA;peso_calc=1.30,1.3
Córrego do Jenipapo,Dois Irmãos,Avenida da Recuperação,tipo=AVENIDA;pav=CONCRETO;ilum=VAPOR MERCURIO;coleta=CONVENCIONAL DIARIA SEM SELETIVA;peso_calc=1.25,1.25
Córrego do Jenipapo,Guabiraba,Avenida da Recuperação,tipo=AVENIDA;pav=CONCRETO;ilum=VAPOR MERCURIO;coleta=CONVENCIONAL DIARIA SEM SELETIVA;peso_calc=1.25,1.25
Córrego do Jenipapo,Macaxeira,Avenida Norte Miguel Arraes de Alencar,tipo=AVENIDA;pav=CONCRETO;ilum=VAPOR MERCURIO;coleta=CONVENCIONAL ALTERNADA COM SELETIVA;peso_calc=0.80,0.8
Córrego do Jenipapo,Nova Descoberta,Avenida Norte Miguel Arraes de Alencar,tipo=AVENIDA;pav=CONCRETO;ilum=VAPOR MERCURIO;coleta=CONVENCIONAL ALTERNADA COM SELETIVA;peso_calc=0.80,0.8
Derby,Graças,Avenida Beira Rio,tipo=AVENIDA;pav=ASFALTO;ilum=VAPOR MERCURIO;coleta=CONVENCIONAL ALTERNADA COM SELETIVA;peso_calc=0.95,0.95
Derby,Ilha do Retiro,Ponte Prefeito Lima de Castro,tipo=PONTE;pav=nan;ilum=nan;coleta=nan;peso_calc=1.20,1.2
Derby,Madalena,Ponte Estácio Coimbra,tipo=PONTE;pav=nan;ilum=nan;coleta=nan;peso_calc=1.20,1.2
Derby,Paissandu,Avenida Governador Agamenon Magalhães,tipo=AVENIDA;pav=ASFALTO;ilum=VAPOR MERCURIO;coleta=CONVENCIONAL ALTERNADA COM SELETIVA;peso_calc=0.85,0.85
Dois Irmãos,Guabiraba,Avenida Embaixador Assis Chateaubriand,tipo=AVENIDA;pav=SEM PAVIMENTACAO;ilum=VAPOR MERCURIO;coleta=CONVENCIONAL DIARIA SEM SELETIVA;peso_calc=2.15,2.15
Dois Irmãos,Sítio dos Pintos - São Brás,Avenida Luiz Antônio de Araújo,tipo=AVENIDA;pav=SEM PAVIMENTACAO;ilum=VAPOR MERCURIO;coleta=CONVENCIONAL DIARIA SEM SELETIVA;peso_calc=2.60,2.6
Dois Unidos,Linha do Tiro,Avenida Hildebrando de Vasconcelos,tipo=AVENIDA;pav=SEM PAVIMENTACAO;ilum=VAPOR MERCURIO;coleta=CONVENCIONAL DIARIA SEM SELETIVA;peso_calc=2.10,2.1
Dois Unidos,Passarinho,Avenida Chagas Ferreira,tipo=AVENIDA;pav=SEM PAVIMENTACAO;ilum=VAPOR MERCURIO;coleta=CONVENCIONAL DIARIA SEM SELETIVA;peso_calc=1.95,1.95
Encruzilhada,Espinheiro,Avenida João de Barros,tipo=AVENIDA;pav=ASFALTO;ilum=VAPOR MERCURIO;coleta=CONVENCIONAL ALTERNADA COM SELETIVA;peso_calc=0.90,0.9
Encruzilhada,Graças,Avenida Santos Dumont,tipo=AVENIDA;pav=PARALELO;ilum=VAPOR MERCURIO;coleta=CONVENCIONAL ALTERNADA COM SELETIVA;peso_calc=1.00,1.0
Encruzilhada,Hipódromo,Estrada de Belém,tipo=ESTRADA;pav=ASFALTO;ilum=VAPOR MERCURIO;coleta=CONVENCIONAL ALTERNADA COM SELETIVA;peso_calc=1.85,1.85
Encruzilhada,Ponto de Parada,Avenida Beberibe,tipo=AVENIDA;pav=ASFALTO;ilum=VAPOR MERCURIO;coleta=CONVENCIONAL ALTERNADA COM SELETIVA;peso_calc=1.30,1.3
Encruzilhada,Rosarinho,Avenida Norte Miguel Arraes de Alencar,tipo=AVENIDA;pav=CONCRETO;ilum=VAPOR MERCURIO;coleta=CONVENCIONAL ALTERNADA COM SELETIVA;peso_calc=0.80,0.8
Encruzilhada,Torreão,Avenida Norte Miguel Arraes de Alencar,tipo=AVENIDA;pav=CONCRETO;ilum=VAPOR MERCURIO;coleta=CONVENCIONAL ALTERNADA COM SELETIVA;peso_calc=0.80,0.8
Engenho do Meio,Iputinga,Avenida Múcio Uchôa Cavalcanti,tipo=AVENIDA;pav=ASFALTO;ilum=VAPOR MERCURIO;coleta=CONVENCIONAL ALTERNADA COM SELETIVA;peso_calc=0.95,0.95
Engenho do Meio,Torrões,Avenida Bicentenário da Revolução Francesa,tipo=AVENIDA;pav=ASFALTO;ilum=VAPOR MERCURIO;coleta=CONVENCIONAL ALTERNADA COM SELETIVA;peso_calc=1.45,1.45
Espinheiro,Graças,Avenida Conselheiro Rosa e Silva,tipo=AVENIDA;pav=ASFALTO;ilum=VAPOR MERCURIO;coleta=CONVENCIONAL ALTERNADA COM SELETIVA;peso_calc=0.90,0.9
Espinheiro,Santo Amaro,Avenida Governador Agamenon Magalhães,tipo=AVENIDA;pav=ASFALTO;ilum=VAPOR MERCURIO;coleta=CONVENCIONAL ALTERNADA COM SELETIVA;peso_calc=0.85,0.85
Espinheiro,Torreão,Avenida Governador Agamenon Magalhães,tipo=AVENIDA;pav=ASFALTO;ilum=VAPOR MERCURIO;coleta=CONVENCIONAL ALTERNADA COM SELETIVA;peso_calc=0.85,0.85
Estância,Jiquiá,Avenida Central,tipo=AVENIDA;pav=ASFALTO;ilum=VAPOR MERCURIO;coleta=CONVENCIONAL DIARIA COM SELETIVA;peso_calc=1.30,1.3
Estância,San Martin,Avenida João Cabral de Melo Neto,tipo=AVENIDA;pav=SEM PAVIMENTACAO;ilum=SEM ILUMINACAO;coleta=CONVENCIONAL ALTERNADA COM SELETIVA;peso_calc=2.45,2.45
Fundão,Porto da Madeira,Avenida Aníbal Benévolo,tipo=AVENIDA;pav=PARALELO;ilum=VAPOR MERCURIO;coleta=CONVENCIONAL DIARIA SEM SELETIVA;peso_calc=1.45,1.45
Fundão,Água Fria,Avenida Aníbal Benévolo,tipo=AVENIDA;pav=PARALELO;ilum=VAPOR MERCURIO;coleta=CONVENCIONAL DIARIA SEM SELETIVA;peso_calc=1.45,1.45
Graças,Jaqueira,Avenida Conselheiro Rosa e Silva,tipo=AVENIDA;pav=ASFALTO;ilum=VAPOR MERCURIO;coleta=CONVENCIONAL ALTERNADA COM SELETIVA;peso_calc=0.90,0.9
Graças,Madalena,Ponte Professor Moraes Rego,tipo=PONTE;pav=nan;ilum=nan;coleta=nan;peso_calc=1.20,1.2
Graças,Rosarinho,Avenida Santos Dumont,tipo=AVENIDA;pav=PARALELO;ilum=VAPOR MERCURIO;coleta=CONVENCIONAL ALTERNADA COM SELETIVA;peso_calc=1.00,1.0
Graças,Tamarineira,Avenida Conselheiro Rosa e Silva,tipo=AVENIDA;pav=ASFALTO;ilum=VAPOR MERCURIO;coleta=CONVENCIONAL ALTERNADA COM SELETIVA;peso_calc=0.90,0.9
Graças,Torre,Avenida Beira Rio,tipo=AVENIDA;pav=ASFALTO;ilum=VAPOR MERCURIO;coleta=CONVENCIONAL ALTERNADA COM SELETIVA;peso_calc=0.95,0.95
Guabiraba,Passarinho,Avenida da Recuperação,tipo=AVENIDA;pav=CONCRETO;ilum=VAPOR MERCURIO;coleta=CONVENCIONAL DIARIA SEM SELETIVA;peso_calc=1.25,1.25
Guabiraba,Pau Ferro,Estrada do Orfanato,tipo=ESTRADA;pav=SEM PAVIMENTACAO;ilum=VAPOR MERCURIO;coleta=CONVENCIONAL DIARIA SEM SELETIVA;peso_calc=2.50,2.5
Hipódromo,Ponto de Parada,Rua Costa Pinto,tipo=RUA;pav=SEM PAVIMENTACAO;ilum=VAPOR MERCURIO;coleta=CONVENCIONAL ALTERNADA COM SELETIVA;peso_calc=2.80,2.8
Ibura,Imbiribeira,Avenida Marechal Mascarenhas de Moraes,tipo=AVENIDA;pav=CONCRETO;ilum=VAPOR MERCURIO;coleta=CONVENCIONAL ALTERNADA COM SELETIVA;peso_calc=0.80,0.8
Ibura,Ipsep,Avenida Dom Helder Câmara,tipo=AVENIDA;pav=SEM PAVIMENTACAO;ilum=VAPOR MERCURIO;coleta=CONVENCIONAL DIARIA SEM SELETIVA;peso_calc=2.05,2.05
Ibura,Jordão,Avenida Centenário Alberto Santos Dumont,tipo=AVENIDA;pav=ASFALTO;ilum=VAPOR MERCURIO;coleta=CONVENCIONAL DIARIA SEM SELETIVA;peso_calc=0.95,0.95
Ilha Joana Bezerra,Ilha do Retiro,Avenida Prefeito Lima Castro,tipo=AVENIDA;pav=ASFALTO;ilum=VAPOR MERCURIO;coleta=CONVENCIONAL ALTERNADA COM SELETIVA;peso_calc=1.25,1.25
Ilha Joana Bezerra,Paissandu,Ponte José de Barros lima,tipo=PONTE;pav=nan;ilum=nan;coleta=nan;peso_calc=1.20,1.2
Ilha Joana Bezerra,São José,Avenida Central,tipo=AVENIDA;pav=ASFALTO;ilum=VAPOR MERCURIO;coleta=CONVENCIONAL DIARIA COM SELETIVA;peso_calc=1.30,1.3
Ilha Joana Bezerra,Ilha do Leite,Ponte José Barros Lima,tipo=PONTE;pav=nan;ilum=nan;coleta=nan;peso_calc=1.20,1.2
Ilha do Leite,Paissandu,Avenida Governador Agamenon Magalhães,tipo=AVENIDA;pav=ASFALTO;ilum=VAPOR MERCURIO;coleta=CONVENCIONAL ALTERNADA COM SELETIVA;peso_calc=0.85,0.85
Ilha do Retiro,Madalena,Avenida Beira Rio Deputado Osvaldo Coelho,tipo=AVENIDA;pav=nan;ilum=nan;coleta=nan;peso_calc=1.00,1.0
Ilha do Retiro,Paissandu,Ponte Prefeito Lima de Castro,tipo=PONTE;pav=nan;ilum=nan;coleta=nan;peso_calc=1.20,1.2
Ilha do Retiro,Prado,Avenida Engenheiro Abdias de Carvalho,tipo=AVENIDA;pav=ASFALTO;ilum=VAPOR MERCURIO;coleta=CONVENCIONAL DIARIA SEM SELETIVA;peso_calc=1.35,1.35
Imbiribeira,Ipsep,Avenida Recife,tipo=AVENIDA;pav=ASFALTO;ilum=VAPOR MERCURIO;coleta=CONVENCIONAL DIARIA SEM SELETIVA;peso_calc=1.35,1.35
Iputinga,Monteiro,Ponte Barqueiro Sinval Peixoto da Silva,tipo=PONTE;pav=nan;ilum=nan;coleta=nan;peso_calc=1.20,1.2
Iputinga,Várzea,Avenida Caxangá,tipo=AVENIDA;pav=ASFALTO;ilum=VAPOR MERCURIO;coleta=CONVENCIONAL DIARIA SEM SELETIVA;peso_calc=0.80,0.8
Jaqueira,Parnamirim,Avenida Parnamirim,tipo=AVENIDA;pav=ASFALTO;ilum=VAPOR MERCURIO;coleta=CONVENCIONAL ALTERNADA COM SELETIVA;peso_calc=0.85,0.85
Jaqueira,Santana,Ponte do Vintém,tipo=PONTE;pav=nan;ilum=nan;coleta=nan;peso_calc=1.20,1.2
Jaqueira,Tamarineira,Avenida Conselheiro Rosa e Silva,tipo=AVENIDA;pav=ASFALTO;ilum=VAPOR MERCURIO;coleta=CONVENCIONAL ALTERNADA COM SELETIVA;peso_calc=0.90,0.9
Jaqueira,Torre,Viaduto Governador Cordeiro de Farias,tipo=VIADUTO;pav=nan;ilum=nan;coleta=nan;peso_calc=1.10,1.1
Jardim São Paulo,San Martin,Avenida João Cabral de Melo Neto,tipo=AVENIDA;pav=SEM PAVIMENTACAO;ilum=SEM ILUMINACAO;coleta=CONVENCIONAL ALTERNADA COM SELETIVA;peso_calc=2.45,2.45
Jardim São Paulo,Tejipió,Avenida Central,tipo=AVENIDA;pav=ASFALTO;ilum=VAPOR MERCURIO;coleta=CONVENCIONAL DIARIA COM SELETIVA;peso_calc=1.30,1.3
Jiquiá,Mangueira,Avenida Central,tipo=AVENIDA;pav=ASFALTO;ilum=VAPOR MERCURIO;coleta=CONVENCIONAL DIARIA COM SELETIVA;peso_calc=1.30,1.3
Jiquiá,San Martin,Avenida General San Martin,tipo=AVENIDA;pav=ASFALTO;ilum=VAPOR MERCURIO;coleta=CONVENCIONAL ALTERNADA COM SELETIVA;peso_calc=0.90,0.9
Linha do Tiro,Água Fria,Avenida Aníbal Benévolo,tipo=AVENIDA;pav=PARALELO;ilum=VAPOR MERCURIO;coleta=CONVENCIONAL DIARIA SEM SELETIVA;peso_calc=1.45,1.45
Macaxeira,Nova Descoberta,Avenida Josélia,tipo=AVENIDA;pav=SEM PAVIMENTACAO;ilum=VAPOR MERCURIO;coleta=CONVENCIONAL DIARIA SEM SELETIVA;peso_calc=2.15,2.15
Madalena,Paissandu,Ponte Prefeito Lima de Castro,tipo=PONTE;pav=nan;ilum=nan;coleta=nan;peso_calc=1.20,1.2
Madalena,Prado,Avenida Engenheiro Abdias de Carvalho,tipo=AVENIDA;pav=ASFALTO;ilum=VAPOR MERCURIO;coleta=CONVENCIONAL DIARIA SEM SELETIVA;peso_calc=1.35,1.35
Madalena,Torre,Avenida Beira Rio Governador Eduardo Campos,tipo=AVENIDA;pav=nan;ilum=nan;coleta=nan;peso_calc=1.00,1.0
Madalena,Zumbi,Avenida Caxangá,tipo=AVENIDA;pav=ASFALTO;ilum=VAPOR MERCURIO;coleta=CONVENCIONAL DIARIA SEM SELETIVA;peso_calc=0.80,0.8
Mangabeira,Tamarineira,Avenida Norte Miguel Arraes de Alencar,tipo=AVENIDA;pav=CONCRETO;ilum=VAPOR MERCURIO;coleta=CONVENCIONAL ALTERNADA COM SELETIVA;peso_calc=0.80,0.8
Mangueira,Mustardinha,Avenida Manoel Goncalves da Luz,tipo=AVENIDA;pav=ASFALTO;ilum=VAPOR MERCURIO;coleta=CONVENCIONAL ALTERNADA COM SELETIVA;peso_calc=1.25,1.25
Mangueira,San Martin,Rua Bom Jardim,tipo=RUA;pav=SEM PAVIMENTACAO;ilum=VAPOR MERCURIO;coleta=CONVENCIONAL ALTERNADA COM SELETIVA;peso_calc=3.50,3.5
Monteiro,Poço,Avenida Dezessete de Agosto,tipo=AVENIDA;pav=ASFALTO;ilum=VAPOR MERCURIO;coleta=CONVENCIONAL ALTERNADA COM SELETIVA;peso_calc=0.90,0.9
Morro da Conceição,Vasco da Gama,Avenida Norte Miguel Arraes de Alencar,tipo=AVENIDA;pav=CONCRETO;ilum=VAPOR MERCURIO;coleta=CONVENCIONAL ALTERNADA COM SELETIVA;peso_calc=0.80,0.8
Mustardinha,San Martin,Avenida Cônsul Vilares Fragoso,tipo=AVENIDA;pav=SEM PAVIMENTACAO;ilum=VAPOR MERCURIO;coleta=CONVENCIONAL ALTERNADA COM SELETIVA;peso_calc=2.05,2.05
Nova Descoberta,Vasco da Gama,Avenida Norte Miguel Arraes de Alencar,tipo=AVENIDA;pav=CONCRETO;ilum=VAPOR MERCURIO;coleta=CONVENCIONAL ALTERNADA COM SELETIVA;peso_calc=0.80,0.8
Parnamirim,Santana,Avenida Dezessete de Agosto,tipo=AVENIDA;pav=ASFALTO;ilum=VAPOR MERCURIO;coleta=CONVENCIONAL ALTERNADA COM SELETIVA;peso_calc=0.90,0.9
Parnamirim,Tamarineira,Rua Afonso Celso,tipo=RUA;pav=PARALELO;ilum=VAPOR MERCURIO;coleta=CONVENCIONAL ALTERNADA COM SELETIVA;peso_calc=2.10,2.1
Ponto de Parada,Rosarinho,Avenida Professor José dos Anjos,tipo=AVENIDA;pav=SEM PAVIMENTACAO;ilum=VAPOR MERCURIO;coleta=MANUAL DIARIA;peso_calc=2.15,2.15
Ponto de Parada,Tamarineira,Avenida Professor José dos Anjos,tipo=AVENIDA;pav=SEM PAVIMENTACAO;ilum=VAPOR MERCURIO;coleta=MANUAL DIARIA;peso_calc=2.15,2.15
Porto da Madeira,Água Fria,Avenida Aníbal Benévolo,tipo=AVENIDA;pav=PARALELO;ilum=VAPOR MERCURIO;coleta=CONVENCIONAL DIARIA SEM SELETIVA;peso_calc=1.45,1.45
Poço,Santana,Avenida Dezessete de Agosto,tipo=AVENIDA;pav=ASFALTO;ilum=VAPOR MERCURIO;coleta=CONVENCIONAL ALTERNADA COM SELETIVA;peso_calc=0.90,0.9
Prado,San Martin,Avenida Engenheiro Abdias de Carvalho,tipo=AVENIDA;pav=ASFALTO;ilum=VAPOR MERCURIO;coleta=CONVENCIONAL DIARIA SEM SELETIVA;peso_calc=1.35,1.35
Prado,Zumbi,Rua Abdias de Oliveira,tipo=RUA;pav=SEM PAVIMENTACAO;ilum=VAPOR MERCURIO;coleta=CONVENCIONAL ALTERNADA COM SELETIVA;peso_calc=3.50,3.5
Recife,Santo Amaro,Ponte do Limoeiro,tipo=PONTE;pav=nan;ilum=nan;coleta=nan;peso_calc=1.20,1.2
Recife,Santo Antônio,Ponte Buarque de Macedo,tipo=PONTE;pav=nan;ilum=nan;coleta=nan;peso_calc=1.20,1.2
Recife,São José,Ponte Giratória,tipo=PONTE;pav=nan;ilum=nan;coleta=nan;peso_calc=1.20,1.2
Rosarinho,Tamarineira,Avenida Engenheiro Agamenon de Magalhães Melo,tipo=AVENIDA;pav=CONCRETO;ilum=VAPOR MERCURIO;coleta=MANUAL DIARIA;peso_calc=0.95,0.95
San Martin,Torrões,Avenida Engenheiro Abdias de Carvalho,tipo=AVENIDA;pav=ASFALTO;ilum=VAPOR MERCURIO;coleta=CONVENCIONAL DIARIA SEM SELETIVA;peso_calc=1.35,1.35
Sancho,Tejipió,Avenida Liberdade,tipo=AVENIDA;pav=SEM PAVIMENTACAO;ilum=VAPOR MERCURIO;coleta=CONVENCIONAL DIARIA SEM SELETIVA;peso_calc=2.10,2.1
Sancho,Totó,Avenida Liberdade,tipo=AVENIDA;pav=SEM PAVIMENTACAO;ilum=VAPOR MERCURIO;coleta=CONVENCIONAL DIARIA SEM SELETIVA;peso_calc=2.10,2.1
Santana,Torre,Avenida Beira Rio,tipo=AVENIDA;pav=ASFALTO;ilum=VAPOR MERCURIO;coleta=CONVENCIONAL ALTERNADA COM SELETIVA;peso_calc=0.95,0.95
Santo Amaro,Santo Antônio,Ponte Princesa Izabel,tipo=PONTE;pav=nan;ilum=nan;coleta=nan;peso_calc=1.20,1.2
Santo Amaro,Soledade,Avenida João de Barros,tipo=AVENIDA;pav=ASFALTO;ilum=VAPOR MERCURIO;coleta=CONVENCIONAL ALTERNADA COM SELETIVA;peso_calc=0.90,0.9
Santo Amaro,Torreão,Avenida Dr Jayme da Fonte,tipo=AVENIDA;pav=SEM PAVIMENTACAO;ilum=VAPOR MERCURIO;coleta=CONVENCIONAL ALTERNADA COM SELETIVA;peso_calc=2.05,2.05
Santo Antônio,São José,Avenida Dantas Barreto,tipo=AVENIDA;pav=ASFALTO;ilum=VAPOR MERCURIO;coleta=CONVENCIONAL ALTERNADA COM SELETIVA;peso_calc=1.05,1.05
Torre,Zumbi,Rua Antônio Machado Gomes da Silva,tipo=RUA;pav=SEM PAVIMENTACAO;ilum=VAPOR MERCURIO;coleta=CONVENCIONAL ALTERNADA COM SELETIVA;peso_calc=3.10,3.1
